document_id,dominant_profile,profile_probability
0,4,0.49351149355233015
1,0,0.8805335902369461
2,0,0.6613373065725856
3,4,0.9478458488361678
4,0,0.9303899298568228
5,0,0.8144423936055246
6,4,0.7582608060626822
7,0,0.7902941384421589
8,0,0.16666666666666669
9,3,0.4961176117213483
10,4,0.5160515057276586
11,1,0.7866068104313554
12,0,0.16666666666666669
13,0,0.7906240558183402
14,0,0.5823888724137787
15,0,0.4393203708257499
16,3,0.7422328312093013
17,0,0.5904756069055848
18,0,0.5904756069055848
19,5,0.9063064681586033
20,3,0.7422328312093013
21,3,0.8583507125872382
22,1,0.662925334322768
23,0,0.581477462236271
24,0,0.6016390930541295
25,5,0.5794672254854126
26,0,0.6469948519725419
27,4,0.4859479456777076
28,0,0.6469948519725419
29,1,0.521500433991181
30,0,0.6469948519725419
31,0,0.9070442106695326
32,0,0.3659794329235782
33,4,0.35917620714507925
34,5,0.5794672254854126
35,0,0.6363038420335771
36,0,0.49814777848295394
37,3,0.6840584449008235
38,1,0.5603604473991777
39,3,0.7422328312093013
40,0,0.581477462236271
41,3,0.7902608853756262
42,3,0.8316448570948701
43,0,0.9070442106695326
44,0,0.9303770031730219
45,3,0.5804057827051716
46,3,0.8604480304797969
47,1,0.43778185746605924
48,0,0.9070442106695326
49,0,0.46804674027026477
50,0,0.8154409472464053
51,0,0.6015365900915903
52,1,0.6098064652371681
53,4,0.9235988105968604
54,3,0.620734567234036
55,0,0.8324966176299
56,4,0.7898695923816882
57,0,0.4264600970384632
58,3,0.49913763045365545
59,5,0.5794672254854126
60,0,0.8322134510419837
61,4,0.5395776139135194
62,2,0.929969661918522
63,4,0.5270026747379968
64,1,0.8954421409349254
65,2,0.8320773344760583
66,0,0.8610183847159729
67,0,0.7907576085567164
68,0,0.7907576085567164
69,0,0.7907576085567164
70,0,0.8327861435849166
71,0,0.5833332962102067
72,0,0.7910351644272955
73,0,0.6549027648941665
74,1,0.46061374136730165
75,2,0.5108627405972849
76,5,0.5794672254854126
77,1,0.5838137909418643
78,1,0.6400525160910919
79,0,0.7900936375127139
80,0,0.8326248221415368
81,0,0.7218871580377366
82,3,0.5069650468126506
83,1,0.7904342438837098
84,4,0.8947277378020493
85,4,0.507619887969167
86,4,0.5615990256108093
87,4,0.4079740536290546
88,0,0.7905771481645183
89,5,0.3439148013612918
90,0,0.5821167738106763
91,1,0.7202422944582823
92,0,0.16666666666666669
93,3,0.6744811845282652
94,3,0.722222120896082
95,3,0.7901095165618354
96,0,0.9399304285179018
97,4,0.5003055895891859
98,3,0.4400342946455761
99,5,0.41840148627187734
100,3,0.6625387116090604
101,2,0.4438988994487833
102,3,0.7199848673541945
103,1,0.604605896525222
104,0,0.581477462236271
105,2,0.7903129984719741
106,3,0.9069670195634613
107,0,0.8318055357355202
108,4,0.8608012198987206
109,5,0.47688342174846565
110,4,0.7627850683988563
111,4,0.9441900290210543
112,5,0.6460118782110095
113,5,0.43245976592318064
114,1,0.5023562022759048
115,0,0.6498497487227434
116,2,0.7910563752398615
117,5,0.31344242342014145
118,2,0.5083498959793772
119,2,0.7207666875511908
120,3,0.8327361562666606
121,2,0.48675198212707355
122,2,0.48675198212707355
123,0,0.7220491928525287
124,3,0.7916453821059501
125,2,0.5507344007986708
126,2,0.7903129984719741
127,1,0.7911155441392166
128,3,0.8804074268701783
129,1,0.8326376519792014
130,2,0.4257593278297121
131,3,0.8954750546507818
132,1,0.9164052170947199
133,1,0.9164052170947199
134,1,0.9164052170947199
135,1,0.9164052170947199
136,1,0.9164052170947199
137,1,0.9164052170947199
138,1,0.9164052170947199
139,1,0.9164052170947199
140,1,0.6044444523037565
141,0,0.6330560053069639
142,2,0.5534668683827986
143,0,0.5793344360247172
144,1,0.711575137064762
145,1,0.4249886842120927
146,4,0.38456511016840705
147,4,0.38456511016840705
148,2,0.5028814339549876
149,4,0.7446874307720732
150,1,0.4984129057362792
151,1,0.9297890254560679
152,5,0.5055795776216263
153,2,0.4955738545144832
154,0,0.5250440821057851
155,1,0.522018460185769
156,4,0.42172226688132053
157,0,0.5841436979044304
158,0,0.16666666666666669
159,2,0.8330239068749903
160,2,0.3197093978441138
161,1,0.6295085195543446
162,4,0.5210113766668016
163,1,0.6193047136269433
164,0,0.7199744542587063
165,2,0.45360837252586683
166,1,0.5555393402646102
167,0,0.5125353065537438
168,1,0.47586511518326874
169,1,0.7021731049227471
170,4,0.8593034590547107
171,2,0.6016083817431258
172,1,0.9071801260165839
173,0,0.8803615534418715
174,0,0.42154167539991466
175,0,0.6839489787562532
176,0,0.5750197617368733
177,0,0.491055456639828
178,0,0.7910034877589289
179,0,0.7910034877589289
180,0,0.7910034877589289
181,3,0.5039061421525003
182,1,0.7079257626269236
183,0,0.7361270774246856
184,0,0.7908337464863682
185,0,0.5833332962102067
186,0,0.7910034877589289
187,2,0.6281789187072903
188,2,0.3635278105756321
189,0,0.8327730063626066
190,0,0.6501500248925889
191,0,0.9164306815145624
192,0,0.7219585172840183
193,1,0.7079257626269236
194,2,0.9236575910787821
195,1,0.36370889290419073
196,1,0.5238412937438197
197,1,0.9069690448366511
198,0,0.48730664393917644
199,2,0.5781896070383751
200,0,0.5833332962102067
201,1,0.791051170187408
202,1,0.791051170187408
203,3,0.5821251169984556
204,4,0.5026417318881681
205,1,0.41604797473237265
206,1,0.3428765710828128
207,5,0.7916666174313701
208,1,0.5869470545423942
209,1,0.5869470545423942
210,1,0.9240622999357738
211,3,0.30702351060289207
212,0,0.7209631724310082
213,1,0.405403068945928
214,1,0.8604386281259688
215,0,0.8331855162048537
216,2,0.43099188184942183
217,5,0.8607163594456424
218,0,0.7209631724310082
219,0,0.895510075352683
220,4,0.9154670087700426
221,0,0.7055983352635584
222,1,0.8807734856777476
223,2,0.3635278105756321
224,1,0.8951805149918044
225,0,0.497096165503138
226,0,0.491055456639828
227,2,0.8802922788578986
228,1,0.8594133227749671
229,0,0.5570691608642178
230,1,0.5736282539689461
231,1,0.7219655552434201
232,0,0.8598871483132328
233,0,0.497096165503138
234,0,0.7902565028381378
235,0,0.7897554013524708
236,1,0.5833328146557025
237,1,0.7904200023762833
238,1,0.880195053690594
239,1,0.8602680198756029
240,0,0.5833332962102067
241,1,0.6802501202980731
242,1,0.5481735549222021
243,0,0.2610288727949467
244,0,0.34274560424954864
245,3,0.5039061421525003
246,1,0.6922407810822171
247,1,0.8460914500909983
248,0,0.790519341800359
249,1,0.575379824034635
250,1,0.575379824034635
251,5,0.8607163594456424
252,1,0.8601581587665941
253,1,0.7077145908610919
254,5,0.4091569121905969
255,1,0.9163113886184929
256,4,0.3800716461213971
257,1,0.9240292107871809
258,0,0.8598871483132328
259,5,0.6227670286365256
260,0,0.16666666666666669
261,0,0.5823888724137787
262,5,0.5791985276837445
263,0,0.5158495664189973
264,2,0.7217767683949349
265,2,0.9068114308818039
266,2,0.9068114308818039
267,2,0.9068114308818039
268,2,0.9068114308818039
269,2,0.9068114308818039
270,2,0.9068114308818039
271,2,0.9068114308818039
272,2,0.9068114308818039
273,1,0.6883980171854523
274,0,0.8600744979612851
275,2,0.9068114308818039
276,2,0.9068114308818039
277,2,0.9068114308818039
278,2,0.9068114308818039
279,2,0.9068114308818039
280,2,0.9068114308818039
281,2,0.43796841993782537
282,1,0.8949528925799629
283,1,0.8270218146765009
284,2,0.9068114308818039
285,2,0.9068114308818039
286,2,0.9068114308818039
287,2,0.9068114308818039
288,2,0.9068114308818039
289,1,0.632054356007711
290,1,0.5161137890213449
291,0,0.8952218940107276
292,4,0.5384139296339768
293,4,0.5860385876790262
294,4,0.9700756493720659
295,0,0.33703354436624705
296,4,0.4671120647241598
297,4,0.9163387168802662
298,2,0.5142252699313999
299,4,0.9601292355757454
300,4,0.6657928030975168
301,4,0.9402468721158056
302,1,0.34384746159863594
303,5,0.5071431618198093
304,4,0.5658188873917537
305,4,0.7213865838698982
306,4,0.7855893139730171
307,1,0.6028812959574473
308,1,0.43457706517381955
309,1,0.25144841893029385
310,4,0.5409791340798032
311,1,0.5697941552480744
312,5,0.5822028094074996
313,3,0.5022331988240353
314,0,0.9474512549884205
315,0,0.3961624983361592
316,1,0.4494032962572899
317,4,0.5453648247750484
318,1,0.71940242896429
319,4,0.5293541441724049
320,1,0.36159943371503295
321,1,0.5052498288805377
322,2,0.7528645216494045
323,4,0.580480488396924
324,4,0.62117395220822
325,2,0.5496859275158676
326,2,0.7157725270766129
327,2,0.7085666479810019
328,4,0.580800150270913
329,4,0.702157347375191
330,4,0.702157347375191
331,4,0.6446316586595074
332,2,0.5390195467706316
333,3,0.4704720953519219
334,1,0.8596816860066085
335,2,0.6247264149289802
336,0,0.7904618214423369
337,2,0.832221222184997
338,2,0.8949795623300271
339,0,0.7899627103637097
340,2,0.5817559864142848
341,2,0.5817559864142848
342,3,0.7905698698684543
343,1,0.5275443036810904
344,1,0.48522872624310814
345,4,0.5471327624318499
346,5,0.5071431618198093
347,0,0.37826353325940376
348,4,0.9351530339149239
349,2,0.5451435800146904
350,4,0.312469295923187
351,0,0.16666666666666669
352,0,0.16666666666666669
353,4,0.773410567007466
354,4,0.622906188033508
355,4,0.6631113551580933
356,4,0.5320198591378906
357,2,0.7201568450355019
358,4,0.9476837776687601
359,4,0.6020601390404768
360,4,0.6551359325737125
361,4,0.8584989262022521
362,4,0.9476837776687601
363,4,0.7254633766787072
364,4,0.5015439120488627
365,4,0.6407812222116395
366,2,0.6128526923436477
367,3,0.8326057208433347
368,4,0.8104700801361134
369,4,0.5826194108251594
370,4,0.7023220091455411
371,4,0.7023220091455411
372,3,0.640520161093098
373,0,0.7165881081348261
374,0,0.5276003988463036
375,1,0.8803821638536927
376,0,0.5316044790515674
377,1,0.493704438192795
378,4,0.8104700801361134
379,4,0.953476966298845
380,1,0.617588724868934
381,4,0.5667827115458569
382,4,0.5667827115458569
383,4,0.580480488396924
384,4,0.580480488396924
385,4,0.8686146740841565
386,4,0.5168827715957994
387,4,0.6275248715649037
388,1,0.6537051430163072
389,2,0.5790099451729759
390,4,0.587075737296679
391,4,0.583084799089785
392,4,0.583084799089785
393,4,0.7005290224309256
394,2,0.5815663892035612
395,4,0.8046059665155247
396,4,0.8124138173767924
397,5,0.5121280194856673
398,4,0.8124138173767924
399,4,0.8658946017863092
400,0,0.7973675769890494
401,0,0.7973675769890494
402,4,0.9066327911099126
403,0,0.5813301534666552
404,0,0.7973675769890494
405,4,0.8576659787526728
406,3,0.39822995814862366
407,4,0.6822144656477714
408,4,0.6823309262395387
409,4,0.8950229439216433
410,4,0.7203977683971405
411,3,0.7896393102774014
412,1,0.5833328146557025
413,2,0.7201568450355019
414,5,0.6150760754642765
415,4,0.48036516472148594
416,5,0.41662800725777677
417,2,0.4939401245285659
418,2,0.4939401245285659
419,4,0.8778349358419029
420,4,0.9351530339149239
421,4,0.8321233734115219
422,5,0.48971981975878986
423,0,0.7973675769890494
424,4,0.8309179349833649
425,4,0.9437784664762497
426,3,0.36748717280904536
427,4,0.9298023996352487
428,4,0.8309179349833649
429,1,0.5076598202989526
430,2,0.7206522023989445
431,4,0.622906188033508
432,4,0.622906188033508
433,2,0.5788059314750928
434,4,0.7256479631917441
435,0,0.4681199812121192
436,3,0.30505088630750005
437,3,0.8330094965734013
438,4,0.9476513641472224
439,4,0.7142645938132348
440,4,0.7142645938132348
441,4,0.7142645938132348
442,4,0.7131941430717318
443,2,0.5815663892035612
444,4,0.7142645938132348
445,2,0.8600054780445731
446,2,0.6285371756439591
447,2,0.7195736289528201
448,2,0.7199064309286911
449,2,0.6027956174895849
450,4,0.5582289673376376
451,2,0.7897230311613215
452,2,0.5607933897409241
453,0,0.7208417742842367
454,1,0.7149347958268661
455,4,0.5840034777352757
456,3,0.4039219962312479
457,3,0.4039219962312479
458,0,0.8953951380201073
459,2,0.8608624099822609
460,1,0.6067084242147951
461,0,0.5813301534666552
462,1,0.4785712619234022
463,4,0.8608242196426704
464,4,0.5664787141272863
465,4,0.45466236892149897
466,1,0.8600763236048447
467,0,0.7165138507879824
468,3,0.8583507125872382
469,1,0.38421963079858035
470,4,0.4460441281274463
471,4,0.9579578481612547
472,1,0.5718632595590707
473,2,0.8609794483426987
474,2,0.44199400200161953
475,4,0.32851197065775883
476,0,0.5833328068554122
477,0,0.7901656074522401
478,0,0.7910007153359323
479,1,0.7881012883536062
480,1,0.525927744330796
481,2,0.5476382056125687
482,0,0.16666666666666669
483,5,0.3901646937717946
484,2,0.5350966886955137
485,1,0.7173671011794505
486,2,0.678439264801589
487,1,0.702133616098514
488,2,0.6206664250772082
489,1,0.832370035635188
490,0,0.16666666666666669
491,0,0.16666666666666669
492,0,0.7215461175854424
493,5,0.7200018231489742
494,0,0.43143405464632834
495,5,0.5794672254854126
496,1,0.682105627997258
497,1,0.5813630882399174
498,5,0.7201273919578126
499,2,0.7199578746818306
500,2,0.8608001967707354
501,0,0.16666666666666669
502,0,0.790432553104519
503,1,0.7597612434614522
504,0,0.16666666666666669
505,0,0.16666666666666669
506,5,0.5833330908677213
507,1,0.5203770925437423
508,2,0.8316326896637397
509,3,0.3889088351288101
510,2,0.5386781478178915
511,0,0.7900468512244616
512,4,0.592474520439818
513,2,0.5821365519277587
514,1,0.5813505900399847
515,1,0.5813505900399847
516,1,0.796407469458345
517,1,0.796407469458345
518,1,0.796407469458345
519,2,0.7553025497012851
520,4,0.6905577686781486
521,0,0.4994732644621416
522,1,0.5803502681869599
523,4,0.7219698667818186
524,4,0.9162211481279219
525,2,0.8319220895402697
526,2,0.8319220895402697
527,0,0.5823888724137787
528,0,0.9303575076619358
529,0,0.597688070676687
530,3,0.5804057827051716
531,1,0.41685875366378883
532,0,0.5833332962102067
533,0,0.66323336121615
534,0,0.5833332962102067
535,0,0.6876774581634428
536,0,0.8805419921863187
537,0,0.8830622024672344
538,0,0.8830622024672344
539,0,0.5035992448974886
540,0,0.6574415328503401
541,0,0.7905820349020358
542,0,0.5813301534666552
543,0,0.7104174771914917
544,0,0.16666666666666669
545,0,0.16666666666666669
546,0,0.7915213523432223
547,0,0.8320635028364953
548,2,0.5817559864142848
549,0,0.906917410955764
550,0,0.9071570993281767
551,0,0.581477462236271
552,3,0.788982523674523
553,0,0.720394040336813
554,2,0.6467022097706262
555,0,0.532888539853755
556,0,0.7679202785205556
557,0,0.8955684125360479
558,2,0.5817559864142848
559,0,0.7208244854884136
560,0,0.46567947836074497
561,4,0.7154132453447053
562,1,0.8330346693286586
563,1,0.8324325486758419
564,0,0.8322956933572367
565,1,0.7204592462163338
566,1,0.7204592462163338
567,0,0.7222221392368378
568,0,0.8602076232052712
569,0,0.9161934231452212
570,2,0.7741713647569115
571,0,0.16666666666666669
572,0,0.906736785663837
573,0,0.46567947836074497
574,0,0.8323935939689502
575,0,0.16666666666666669
576,0,0.16666666666666669
577,0,0.16666666666666669
578,0,0.16666666666666669
579,0,0.16666666666666669
580,0,0.16666666666666669
581,2,0.7205723552146533
582,3,0.5804057827051716
583,0,0.16666666666666669
584,0,0.16666666666666669
585,0,0.5823888724137787
586,2,0.5817559864142848
587,0,0.16666666666666669
588,2,0.7214826320654819
589,2,0.7206126374184659
590,2,0.8609960821495646
591,1,0.8603709610730309
592,0,0.7214114764747872
593,1,0.8603709610730309
594,1,0.8323588101869417
595,1,0.880125419110479
596,0,0.16666666666666669
597,1,0.5813505900399847
598,0,0.16666666666666669
599,0,0.16666666666666669
600,0,0.8606118361060785
601,1,0.7906633566817403
602,1,0.5813505900399847
603,1,0.8316284952600828
604,0,0.16666666666666669
605,1,0.7204592462163338
606,0,0.7213302200665315
607,1,0.7171269039855858
608,2,0.41827516603868475
609,0,0.8327097136595037
610,1,0.5819385378185896
611,1,0.6498607761361147
612,0,0.8954847154675819
613,1,0.7908401234140501
614,1,0.832071156478984
615,0,0.16666666666666669
616,0,0.16666666666666669
617,0,0.16666666666666669
618,2,0.5817559864142848
619,1,0.8326253422223485
620,0,0.16666666666666669
621,1,0.7915421840486525
622,1,0.8801169049386417
623,0,0.16666666666666669
624,0,0.16666666666666669
625,0,0.16666666666666669
626,2,0.5821365519277587
627,1,0.49316321302707467
628,0,0.16666666666666669
629,0,0.16666666666666669
630,2,0.5817559864142848
631,0,0.16666666666666669
632,0,0.16666666666666669
633,0,0.7208400185054646
634,0,0.16666666666666669
635,1,0.7212716241870283
636,1,0.5765329436964681
637,1,0.7212716241870283
638,0,0.16666666666666669
639,0,0.16666666666666669
640,1,0.8325241416148776
641,0,0.16666666666666669
642,2,0.5821365519277587
643,2,0.5817559864142848
644,2,0.5821365519277587
645,1,0.5813505900399847
646,1,0.7898710919906766
647,0,0.16666666666666669
648,2,0.5821365519277587
649,0,0.16666666666666669
650,0,0.16666666666666669
651,0,0.16666666666666669
652,1,0.8331587714097306
653,0,0.16666666666666669
654,0,0.16666666666666669
655,5,0.5791985276837445
656,0,0.16666666666666669
657,3,0.7222221779307461
658,0,0.16666666666666669
659,1,0.5813505900399847
660,1,0.5813505900399847
661,1,0.7906633566817403
662,0,0.582891060784378
663,1,0.8329553529810813
664,1,0.8329553529810813
665,1,0.7208577791751458
666,0,0.16666666666666669
667,1,0.7212716241870283
668,2,0.4695269623497545
669,0,0.16666666666666669
670,2,0.5821365519277587
671,2,0.8604510380277193
672,0,0.16666666666666669
673,0,0.16666666666666669
674,1,0.5109347509657614
675,1,0.46741523169962435
676,0,0.16666666666666669
677,1,0.7212716241870283
678,1,0.5803502681869599
679,0,0.16666666666666669
680,3,0.7222221779307461
681,0,0.16666666666666669
682,0,0.16666666666666669
683,1,0.5803502681869599
684,0,0.16666666666666669
685,0,0.16666666666666669
686,0,0.16666666666666669
687,1,0.8955549179508737
688,1,0.720597287091513
689,2,0.5821365519277587
690,2,0.5817559864142848
691,1,0.7915421840486525
692,0,0.16666666666666669
693,0,0.7192653430368235
694,1,0.5803502681869599
695,0,0.8607898769314574
696,0,0.16666666666666669
697,0,0.16666666666666669
698,1,0.5813505900399847
699,0,0.16666666666666669
700,1,0.720597287091513
701,0,0.793822091076237
702,5,0.38889770592667344
703,2,0.7902436616199041
704,1,0.6205924600138457
705,1,0.5933222227979736
706,1,0.790836474373305
707,0,0.16666666666666669
708,0,0.8607946479281255
709,0,0.16666666666666669
710,3,0.7222221779307461
711,0,0.16666666666666669
712,0,0.16666666666666669
713,0,0.16666666666666669
714,0,0.16666666666666669
715,0,0.16666666666666669
716,0,0.16666666666666669
717,0,0.16666666666666669
718,0,0.16666666666666669
719,0,0.16666666666666669
720,0,0.16666666666666669
721,0,0.16666666666666669
722,2,0.5152972478515416
723,0,0.7913986231901338
724,1,0.8604239649386891
725,1,0.5951171664220641
726,2,0.5821365519277587
727,1,0.6989967589787147
728,4,0.7437551930063302
729,2,0.831438610783709
730,2,0.4438988994487833
731,0,0.16666666666666669
732,0,0.16666666666666669
733,3,0.441659541536847
734,1,0.6697837728272734
735,1,0.8605294138181444
736,1,0.7915421840486525
737,1,0.5813505900399847
738,0,0.16666666666666669
739,0,0.8953042971945733
740,1,0.8605365672509105
741,0,0.16666666666666669
742,0,0.880591011206623
743,1,0.5088020784159639
744,1,0.8326213172558528
745,1,0.8464212210236862
746,0,0.16666666666666669
747,2,0.6332405566683512
748,1,0.8326213172558528
749,2,0.7232730848548866
750,0,0.8616881739963308
751,4,0.40700643062979697
752,0,0.8802810038170596
753,3,0.5804057827051716
754,1,0.8955143614201297
755,4,0.35697548781688493
756,0,0.8953994541249644
757,4,0.950248484084385
758,4,0.49426487073143527
759,0,0.57414605269035
760,5,0.41860482956992723
761,2,0.71993167124655
762,4,0.6402691184311942
763,1,0.46704630530864266
764,4,0.7916611503849728
765,0,0.5439102461809464
766,0,0.7208858059693267
767,0,0.5827146396957495
768,4,0.5857008725294098
769,0,0.7902493277733638
770,3,0.46136434716926394
771,0,0.7905438884720246
772,4,0.7449507424733005
773,1,0.8607667002019788
774,0,0.5821304194224862
775,3,0.5102516685516002
776,1,0.4838867120543432
777,3,0.4137954065972483
778,2,0.5334600610181207
779,3,0.5285177138483841
780,2,0.4569060623673573
781,2,0.5908219082831725
782,2,0.4569060623673573
783,2,0.5449314955102146
784,0,0.859498835843327
785,1,0.4894466090377598
786,0,0.16666666666666669
787,1,0.6777684002874796
788,1,0.6777684002874796
789,4,0.9162304667309263
790,2,0.6138526241862762
791,3,0.9066021611213575
792,2,0.6707858305958768
793,1,0.8602508656512282
794,1,0.8331587714097306
795,1,0.8602508656512282
796,0,0.8031218359970546
797,0,0.7170920729939535
798,1,0.8598329140494971
799,1,0.8949138539203013
800,2,0.5381122862686915
801,3,0.30702351060289207
802,0,0.7208833284112214
803,0,0.8801395130989168
804,0,0.5713428697640511
805,4,0.4278978809423794
806,0,0.6046303741793302
807,2,0.9068938878832019
808,4,0.572299907888296
809,4,0.5125059721178223
810,1,0.8326376519792014
811,0,0.46585710372367417
812,1,0.7880328191773894
813,1,0.45458295354702766
814,4,0.663306368613128
815,0,0.8951024015033662
816,0,0.6807423119307057
817,1,0.734449620181711
818,2,0.529213598752019
819,0,0.790745290677905
820,2,0.5039496408558356
821,0,0.7270184430016818
822,1,0.7895806942246656
823,3,0.5202002697092476
824,1,0.8799995545931212
825,1,0.5590596432833475
826,4,0.947267378881547
827,0,0.4348045283426313
828,3,0.8599308790033264
829,0,0.5827146396957495
830,0,0.5827146396957495
831,4,0.5125059721178223
832,0,0.5827146396957495
833,0,0.6211352903407247
834,2,0.7900679753191217
835,2,0.5761256818775733
836,2,0.5821365519277587
837,4,0.9236307449310576
838,4,0.5589585068600452
839,4,0.5433691484355525
840,2,0.37194524120881095
841,1,0.36111956847486915
842,4,0.45784662617655336
843,3,0.39207434804128094
844,0,0.7290844034016002
845,0,0.9068560585568549
846,0,0.38962052727543134
847,0,0.7518748861992071
848,0,0.16666666666666669
849,1,0.8603747825871143
850,2,0.37257408054710106
851,0,0.880552718536232
852,0,0.5803606791244782
853,5,0.48750609646312726
854,4,0.504725349938361
855,0,0.16666666666666669
856,5,0.5791985276837445
857,4,0.5556263385023078
858,1,0.5572938526475332
859,1,0.8603935712151092
860,4,0.7203977683971405
861,4,0.7203977683971405
862,1,0.37206272366396936
863,3,0.5025896300050916
864,1,0.8955371846549502
865,2,0.41332549936748
866,3,0.42844932157774346
867,4,0.7383458601398919
868,2,0.7326088968104232
869,1,0.7211308416294272
870,0,0.5002771302532723
871,2,0.5427062656224011
872,1,0.8324316612079555
873,0,0.9302885397221174
874,1,0.7199850538025923
875,1,0.7446284038300223
876,2,0.43338807843310073
877,2,0.7907120409172322
878,0,0.581477462236271
879,3,0.7232518651132656
880,4,0.5128224373158832
881,1,0.46023026816678764
882,1,0.8806151965516138
883,1,0.8327559023467032
884,1,0.8605710373426173
885,0,0.879622813221399
886,0,0.7947341511368314
887,5,0.43151585011856625
888,4,0.565405917574643
889,4,0.43381449718547793
890,5,0.38162062490783
891,1,0.6854324649288693
892,4,0.3787070693740137
893,1,0.4484146997980622
894,4,0.8811062479833116
895,4,0.4690849835630664
896,4,0.9476837776687601
897,4,0.6494823533873932
898,4,0.9476837776687601
899,4,0.7445475696978804
900,4,0.6087814911943135
901,4,0.4690849835630664
902,4,0.47950230143197076
903,4,0.5337328235822362
904,4,0.49307366120307866
905,4,0.7527350326758091
906,2,0.6324993146523186
907,4,0.7023220091455411
908,4,0.5308716756918704
909,0,0.8949672577584317
910,0,0.6498497487227434
911,4,0.41611957319141674
912,2,0.3820025766660087
913,4,0.5057045054784983
914,4,0.801809428721252
915,4,0.5168827715957994
916,4,0.6200745700548508
917,4,0.8686146740841565
918,4,0.7549530531236367
919,4,0.7375431872112086
920,4,0.7890452689426788
921,1,0.550435976872038
922,0,0.4841556918586986
923,0,0.894586419480029
924,4,0.9304438444157623
925,2,0.44473022871085155
926,2,0.5522377993830895
927,4,0.5288497034747537
928,2,0.3742435234610905
929,4,0.9618474396325856
930,0,0.8944459346421768
931,3,0.4052928422001739
932,2,0.6738617819446682
933,0,0.7899570942936143
934,2,0.5614325052496268
935,2,0.4774583603404189
936,1,0.4501493434198064
937,4,0.5330101926281701
938,3,0.32334298591513805
939,1,0.4454373145252289
940,4,0.9442053872451025
941,4,0.7099305667899967
942,4,0.7099305667899967
943,4,0.7099305667899967
944,4,0.7099305667899967
945,0,0.7356660827926162
946,0,0.6891392075916383
947,4,0.8316462292659207
948,1,0.8953233277134047
949,1,0.6190961938176631
950,2,0.4373052531815175
951,2,0.3954260279848985
952,2,0.6035369891730875
953,1,0.77073105381069
954,2,0.582187212925743
955,2,0.906533869183098
956,1,0.895453002741525
957,4,0.7220362568492239
958,1,0.6165971770243139
959,0,0.42212673396252126
960,1,0.323249411474018
961,2,0.45068465960027526
962,2,0.7205270349187259
963,4,0.4188775660144911
964,2,0.5818114042080578
965,0,0.5823888724137787
966,1,0.8331587714097306
967,2,0.8608592804485901
968,4,0.5038503526614131
969,4,0.9238148010017966
970,4,0.94760478020436
971,2,0.7516309247864376
972,0,0.789921672265543
973,2,0.6141729564144459
974,1,0.7466490832201406
975,2,0.7903404813667988
976,4,0.7895663049003939
977,0,0.6207840808178403
978,2,0.5129131122920175
979,4,0.9238148010017966
980,3,0.46154750225759056
981,2,0.7903404813667988
982,4,0.4965095084181845
983,2,0.5557448272944968
984,2,0.6383191357729594
985,2,0.5782528271815228
986,2,0.4587313250410571
987,2,0.9236144230847568
988,1,0.620568437323676
989,2,0.6571164126717932
990,2,0.5583790999279884
991,2,0.9240834299188425
992,2,0.9239237925162417
993,4,0.752383590642018
994,2,0.719214742109787
995,1,0.6939907312341339
996,2,0.9240834299188425
997,2,0.9240834299188425
998,2,0.9240834299188425
999,2,0.7362883004187742
1000,0,0.16666666666666669
1001,1,0.6900503456050844
1002,0,0.8329854150441632
1003,0,0.5199205877645975
1004,0,0.5813301534666552
1005,2,0.7902896141527112
1006,1,0.8604588355511539
1007,3,0.43334490678971815
1008,1,0.7901271774478207
1009,1,0.8602761890654876
1010,0,0.7213701060450295
1011,0,0.6175725928770482
1012,1,0.7212716241870283
1013,1,0.7204592462163338
1014,1,0.7212716241870283
1015,1,0.7906633566817403
1016,1,0.5819385378185896
1017,4,0.9064608169576652
1018,4,0.6310610228878124
1019,2,0.5808161019652224
1020,0,0.789865075431159
1021,2,0.6525305938035292
1022,0,0.5052886972972049
1023,4,0.4348398174994215
1024,4,0.8946987477967917
1025,5,0.6691095817155294
1026,5,0.5258856398031204
1027,4,0.9508758195178576
1028,5,0.4295327967569674
1029,3,0.5379896275718115
1030,1,0.44686300355102726
1031,0,0.536900449457905
1032,4,0.7798281876453039
1033,4,0.7670106621589858
1034,4,0.7538981743947402
1035,4,0.8321308963693804
1036,0,0.8802422634941346
1037,4,0.7947032652373759
1038,0,0.5813301534666552
1039,0,0.5813301534666552
1040,0,0.6384949465424901
1041,0,0.6384949465424901
1042,5,0.8296641387614805
1043,0,0.8802422634941346
1044,4,0.7947032652373759
1045,0,0.6384949465424901
1046,3,0.49446882409693704
1047,3,0.5833330793477065
1048,4,0.6767717184732568
1049,4,0.9153010549339158
1050,4,0.6791492424501085
1051,4,0.6167002757091471
1052,4,0.7340134539201316
1053,4,0.46539443004308456
1054,4,0.7353833926963249
1055,4,0.6826153592979528
1056,1,0.8608493221485698
1057,1,0.4682121440295115
1058,0,0.4699529942578631
1059,4,0.7482785694557065
1060,4,0.45147893054461513
1061,2,0.5982507276878448
1062,2,0.41712621449702414
1063,2,0.7653818827758548
1064,2,0.7822832907338455
1065,2,0.5740426996697379
1066,4,0.44250867254967224
1067,5,0.47367157602349375
1068,1,0.5896134571015352
1069,0,0.9162622225648945
1070,4,0.6009644930955571
1071,4,0.8142561564978588
1072,1,0.4803769728183208
1073,4,0.4614729111845528
1074,1,0.4470360343529821
1075,4,0.943855259198511
1076,2,0.48220400605188785
1077,4,0.38472558384670946
1078,3,0.47056909423762683
1079,4,0.42409559239400085
1080,0,0.7973675769890494
1081,4,0.45268626682655816
1082,0,0.7973675769890494
1083,0,0.7973675769890494
1084,4,0.8124138173767924
1085,4,0.8124138173767924
1086,0,0.6767653493003988
1087,3,0.5771015707806051
1088,2,0.5173240330543322
1089,4,0.7770654283581793
1090,4,0.8526818652379456
1091,2,0.9239915359815006
1092,2,0.8602554519974127
1093,4,0.41333202047849366
1094,4,0.6551359325737125
1095,4,0.7005290224309256
1096,4,0.6736450469073844
1097,4,0.9476837776687601
1098,4,0.9473804824090029
1099,5,0.3888759883229327
1100,3,0.3266090053195444
1101,4,0.9355036506897237
1102,4,0.48650772628360134
1103,2,0.6042429188956857
1104,4,0.6385102992333769
1105,2,0.4747448498798894
1106,0,0.879902937042255
1107,0,0.8211712737935476
1108,4,0.773410567007466
1109,1,0.4169854396648781
1110,4,0.6165659300015941
1111,4,0.561834160629939
1112,4,0.6275294654860659
1113,4,0.6275294654860659
1114,0,0.608500548730157
1115,4,0.4792344383748652
1116,4,0.9473804824090029
1117,0,0.7907279596539085
1118,3,0.790629541845999
1119,0,0.5415775963113341
1120,4,0.700928644932734
1121,4,0.3982784980458142
1122,1,0.5153310976106917
1123,1,0.9353138712118334
1124,2,0.6186000730353921
1125,0,0.8798749126734284
1126,4,0.714925302811146
1127,2,0.49054079181787735
1128,3,0.6181692393297212
1129,0,0.8324343626901072
1130,4,0.9650880166086663
1131,4,0.5648511271621814
1132,1,0.879475598284113
1133,1,0.49190738530718986
1134,0,0.8604099566727158
1135,4,0.9577940934630332
1136,1,0.5698354007661363
1137,4,0.6734897732212245
1138,4,0.4196612000262996
1139,2,0.454505979376901
1140,4,0.9635277127956933
1141,1,0.6613476351363982
1142,4,0.5545191836718071
1143,1,0.8604868275223194
1144,4,0.6785138349444158
1145,4,0.9398466701074365
1146,4,0.785525405350559
1147,4,0.585138066744834
1148,2,0.7822832907338455
1149,2,0.41712621449702414
1150,2,0.5740426996697379
1151,4,0.6275248715649037
1152,4,0.904997324600457
1153,5,0.735225113056597
1154,4,0.5818231252817163
1155,3,0.3404055712746245
1156,1,0.9353138712118334
1157,4,0.6275813943517883
1158,4,0.8953944274249502
1159,4,0.5267553413398229
1160,4,0.6259273998832691
1161,3,0.47069961491003004
1162,5,0.51138364453563
1163,4,0.7044970824302912
1164,0,0.8807230101451052
1165,5,0.5942358291033365
1166,5,0.5283123787192002
1167,4,0.6541468438947117
1168,5,0.6158164956866011
1169,4,0.9303712031858825
1170,3,0.657850570205469
1171,2,0.5517906476522154
1172,5,0.9356065657143224
1173,5,0.4504982046549968
1174,3,0.5429604624078247
1175,5,0.5300963260062852
1176,0,0.6701588395150948
1177,2,0.6122109721628846
1178,1,0.37809232432645873
1179,4,0.9301306736114721
1180,1,0.5040513920763205
1181,1,0.5147683111384895
1182,3,0.3932098082665725
1183,2,0.8320911516035183
1184,2,0.8602508888554498
1185,4,0.5079926714585001
1186,3,0.40011622809505254
1187,1,0.6659973455859771
1188,0,0.6284706796368388
1189,4,0.5040175645121661
1190,4,0.6620914944015727
1191,0,0.7498810814700914
1192,5,0.5079798995773577
1193,4,0.5815066194141458
1194,4,0.647160914598799
1195,2,0.6014634853143551
1196,2,0.5125081949755922
1197,2,0.5184667637282193
1198,2,0.6014634853143551
1199,4,0.5071519710793776
1200,4,0.5071573706626805
1201,5,0.47629796889566645
1202,0,0.708207040566456
1203,1,0.4888243931571277
1204,5,0.6468864933347641
1205,4,0.6484967408705011
1206,4,0.7039644955365062
1207,4,0.537210720348105
1208,3,0.6077891016084075
1209,2,0.5782528271815228
1210,1,0.5759814735925998
1211,4,0.3480402081096712
1212,1,0.4517812971423069
1213,4,0.7446874307720732
1214,4,0.5931566933195574
1215,5,0.6632841436753083
1216,4,0.5079926714585001
1217,2,0.5467684837156628
1218,4,0.879246855583201
1219,4,0.4918327424764483
1220,5,0.4141681590668618
1221,4,0.6690489232375985
1222,4,0.697322429613247
1223,4,0.6409028759065858
1224,2,0.6140712935971951
1225,2,0.6345178591488952
1226,1,0.4968113542604281
1227,4,0.751934800737011
1228,5,0.7096201021393513
1229,5,0.7096201021393513
1230,4,0.5820139830069058
1231,0,0.5509647553776972
1232,4,0.7186275696228067
1233,3,0.7883967668187332
1234,3,0.7883967668187332
1235,3,0.7883967668187332
1236,2,0.3724927469784191
1237,4,0.5452938444999387
1238,4,0.8522153805559819
1239,4,0.4927759223188588
1240,5,0.6602173754922492
1241,5,0.5269470865942921
1242,4,0.7125830423326653
1243,1,0.598727680525091
1244,4,0.6290452610751515
1245,2,0.3926299112573512
1246,1,0.504754926314565
1247,4,0.6811694142226531
1248,4,0.916364659580456
1249,5,0.4818679314178799
1250,4,0.44933296608057727
1251,1,0.4736690796149758
1252,1,0.4736690796149758
1253,1,0.4736690796149758
1254,0,0.4331249798076484
1255,3,0.2812718672412981
1256,5,0.46765063962633446
1257,4,0.5315363048649934
1258,4,0.49044532760539544
1259,4,0.581673316906423
1260,5,0.8324656046104121
1261,0,0.5357636655322237
1262,4,0.9398427165742138
1263,5,0.3988551625989987
1264,0,0.8799652586035077
1265,5,0.39881134034093485
1266,1,0.5215397817629532
1267,4,0.6378008974847463
1268,1,0.8801530864490662
1269,1,0.6251290489293905
1270,5,0.5791985276837445
1271,4,0.470024167850689
1272,0,0.720394040336813
1273,2,0.6127462936010623
1274,2,0.6140712935971951
1275,2,0.5320464782289133
1276,0,0.8798560893760672
1277,4,0.7085299543758891
1278,1,0.6333361809003011
1279,2,0.40129758463934473
1280,0,0.46945810876910427
1281,4,0.9476837776687601
1282,4,0.7606193241834602
1283,2,0.43217933702453826
1284,5,0.31526721990157247
1285,5,0.7723982742578075
1286,4,0.5651758222996911
1287,1,0.8596546103277165
1288,4,0.5391621912895542
1289,5,0.4798758430981794
1290,1,0.6218667230539925
1291,4,0.48659689846341725
1292,0,0.16666666666666669
1293,0,0.4946485184296039
1294,3,0.7426725693929704
1295,0,0.16666666666666669
1296,4,0.791164411618292
1297,4,0.791164411618292
1298,4,0.7214539774757746
1299,1,0.6057331280494184
1300,2,0.43634639431664596
1301,0,0.790556526992649
1302,5,0.7211213346975481
1303,5,0.8598253349985686
1304,0,0.7372604768222468
1305,2,0.6234097334107167
1306,1,0.5626420489199594
1307,0,0.16666666666666669
1308,4,0.9582149856488729
1309,4,0.7099531955425934
1310,4,0.8950229439216433
1311,5,0.7117889031699093
1312,5,0.6324709100160569
1313,5,0.5932056670849088
1314,1,0.648295335222693
1315,2,0.5274084341349312
1316,0,0.8318274250421903
1317,0,0.7913986231901338
1318,4,0.4585584978048842
1319,3,0.5807521607390863
1320,0,0.7166304324311941
1321,4,0.5380535142615889
1322,0,0.7306072559334872
1323,2,0.567669862790587
1324,1,0.8323216335158132
1325,3,0.5524881114451244
1326,0,0.7361002783176898
1327,5,0.6324709100160569
1328,5,0.791611409507072
1329,4,0.935259728391006
1330,5,0.40157224731086427
1331,4,0.8228194872555946
1332,5,0.8601950779600677
1333,4,0.4953734292320486
1334,1,0.5803502681869599
1335,4,0.5125649481837913
1336,2,0.7920883210082029
1337,2,0.7199578746818306
1338,1,0.7902166360905588
1339,4,0.8093911269988814
1340,0,0.37239716394000316
1341,2,0.7363967670598731
1342,4,0.5317544333188068
1343,4,0.4927618343559966
1344,4,0.6843085706417832
1345,1,0.486867543287461
1346,0,0.4692967839962545
1347,0,0.5018948560818504
1348,0,0.9299314276574357
1349,0,0.5841667173267722
1350,2,0.49341342368601343
1351,5,0.8953962397046504
1352,1,0.9066121728722333
1353,1,0.7708297970038107
1354,1,0.3874453616137689
1355,1,0.5067337072415552
1356,4,0.6257255940386101
1357,0,0.8600525015860525
1358,4,0.9440649971399135
1359,0,0.8598871483132328
1360,0,0.631757204850112
1361,0,0.7207929881246441
1362,0,0.5743457432961024
1363,2,0.8240474295375135
1364,5,0.321424070323932
1365,1,0.39315099506415185
1366,1,0.7701888542102028
1367,5,0.8324338931593275
1368,4,0.5044180375306018
1369,4,0.9402286476401661
1370,5,0.5833332853182458
1371,0,0.4969715301759366
1372,5,0.6760812576722767
1373,5,0.7907229463508388
1374,0,0.5067175402567469
1375,1,0.4843710976661542
1376,3,0.5129679924285988
1377,1,0.625177749115503
1378,4,0.7761376584372284
1379,1,0.5645954783294623
1380,1,0.5645954783294623
1381,4,0.6020601390404768
1382,4,0.44784436853820603
1383,4,0.6654755606693012
1384,5,0.8944506363416723
1385,0,0.4758791886046646
1386,0,0.6094360101160438
1387,0,0.5823903196185666
1388,5,0.42212278644358603
1389,5,0.5985998040841487
1390,0,0.9067818157724671
1391,0,0.5252136869220441
1392,2,0.5817559864142848
1393,2,0.7205723552146533
1394,0,0.9067818157724671
1395,2,0.5817559864142848
1396,1,0.7366974281318058
1397,1,0.2968536245704636
1398,4,0.30068238294208516
1399,4,0.7082138029121412
1400,0,0.5735893305955467
1401,1,0.4565797537633029
1402,0,0.7199089700792678
1403,4,0.7369270582883717
1404,1,0.5759457314451112
1405,4,0.38211455443259096
1406,0,0.4273248145439136
1407,2,0.42405637835051196
1408,2,0.7893947524104564
1409,4,0.40398926906770466
1410,4,0.45062096081788267
1411,1,0.36160559247833757
1412,4,0.48541825210634093
1413,1,0.23606244749515376
1414,1,0.8945092820483891
1415,4,0.8187352644643351
1416,4,0.6742418684587422
1417,4,0.6178470359700404
1418,5,0.44658047668375517
1419,1,0.4714591345242184
1420,5,0.49249725066467825
1421,4,0.5266336712191475
1422,4,0.48964812248286727
1423,3,0.4507090031717686
1424,4,0.3752543996368648
1425,4,0.48788553488779224
1426,2,0.8335704595508863
1427,1,0.9158238666871171
1428,4,0.56807153794556
1429,0,0.7083649535068787
1430,4,0.5219519176810825
1431,0,0.8802292380386271
1432,4,0.8806101690555148
1433,4,0.8513708752298982
1434,1,0.5869470545423942
1435,1,0.5869470545423942
1436,4,0.6935603599166394
1437,4,0.5162974556839218
1438,2,0.7900731430765794
1439,0,0.5238970593992152
1440,4,0.6251826482786432
1441,3,0.5804057827051716
1442,3,0.7190490713510065
1443,1,0.9163113886184929
1444,5,0.661245294730728
1445,1,0.6705169240668657
1446,1,0.8608126484535689
1447,1,0.880033636344477
1448,4,0.4265201242509348
1449,4,0.43306607170119515
1450,0,0.8950468446560539
1451,4,0.43726267367656224
1452,4,0.5226180637777701
1453,4,0.6654755606693012
1454,1,0.3809908453726299
1455,1,0.3916850883514418
1456,1,0.4868387704691101
1457,4,0.566438472256972
1458,1,0.39521359388704314
1459,3,0.31287433714109947
1460,1,0.405403068945928
1461,1,0.41380311379595813
1462,4,0.9678600133676231
1463,1,0.486407347344468
1464,4,0.5993710893442135
1465,1,0.38041094165930905
1466,2,0.5496971640190627
1467,1,0.7597300003204202
1468,4,0.6541468438947117
1469,5,0.4414262566830797
1470,1,0.7899929757680081
1471,1,0.5447564540478127
1472,5,0.4656580550694127
1473,4,0.5255970008139766
1474,4,0.5496959381706015
1475,4,0.5496959381706015
1476,4,0.4406136235128234
1477,3,0.3760371483785095
1478,1,0.3749005169233941
1479,3,0.5553029739798064
1480,5,0.4763779381092411
1481,1,0.4030788052039211
1482,1,0.6802256964774374
1483,4,0.89527021916392
1484,3,0.5958734772001723
1485,3,0.43692955822298424
1486,5,0.7207749600188279
1487,0,0.6506129000471099
1488,1,0.923719838531151
1489,4,0.4839311573160636
1490,4,0.3165469799368781
1491,0,0.5398278334751092
1492,4,0.5761787075334629
1493,2,0.5790099451729759
1494,0,0.41672317098787165
1495,3,0.5804057827051716
1496,5,0.7560797710261412
1497,4,0.600315882590247
1498,3,0.4463712728470672
1499,3,0.5630309941366056
1500,4,0.3866169009692792
1501,5,0.7905554325073196
1502,5,0.48090987824934217
1503,4,0.5710285643691428
1504,1,0.5403782290626316
1505,2,0.43996822472974784
1506,5,0.4132779458211595
1507,4,0.5761787075334629
1508,3,0.7312143332653502
1509,4,0.4480787055161915
1510,4,0.4480787055161915
1511,4,0.5590090671325122
1512,4,0.6579973345187534
1513,4,0.39169330592982143
1514,4,0.47170424059249877
1515,4,0.8794934340902624
1516,2,0.5838877019947869
1517,0,0.6923473277786804
1518,0,0.7199307858371679
1519,5,0.8803380952382993
1520,4,0.8947277378020493
1521,5,0.8322895507700789
1522,3,0.5804057827051716
1523,0,0.5827146396957495
1524,1,0.3982971116613434
1525,4,0.6708357401221331
1526,4,0.42991003768307784
1527,3,0.38545052556567216
1528,0,0.5089131513553515
1529,2,0.8801140138096785
1530,5,0.4111331463883946
1531,4,0.40133153692422374
1532,4,0.8753126864845068
1533,4,0.4448644677299414
1534,4,0.7069993102060946
1535,5,0.6552334338533684
1536,3,0.43504225829457055
1537,5,0.6489695185795827
1538,0,0.42896485209511803
1539,0,0.5119872293945096
1540,5,0.5466589742504159
1541,0,0.6923473277786804
1542,1,0.49790663875703983
1543,3,0.5579072871319506
1544,4,0.39213695433719536
1545,1,0.30676584743642843
1546,0,0.5516490122544744
1547,1,0.5559000560330996
1548,1,0.5559000560330996
1549,5,0.3855922325694309
1550,1,0.5263475534032029
1551,1,0.8803981332562765
1552,0,0.46146003089411713
1553,1,0.7206037457802487
1554,1,0.43771927870864147
1555,5,0.7911426019638776
1556,2,0.8604477314587948
1557,4,0.9437694184297959
1558,0,0.505046899368323
1559,2,0.6643059473996534
1560,4,0.811947941799157
1561,0,0.6795380329855872
1562,1,0.895310410790736
1563,4,0.7236727599098023
1564,0,0.7055983352635584
1565,0,0.8803878797801074
1566,1,0.7286232357061028
1567,5,0.6623730705649973
1568,0,0.9065510206730566
1569,4,0.6507519076377933
1570,4,0.6668987304557606
1571,1,0.5811166855122595
1572,0,0.8802086847393722
1573,4,0.49598506708877815
1574,0,0.584497161708675
1575,3,0.394118667853704
1576,5,0.6339417333519125
1577,2,0.8533676530163495
1578,0,0.16666666666666669
1579,4,0.5701442641885894
1580,1,0.6233834100921213
1581,1,0.9162055357042443
1582,1,0.49605804974330014
1583,4,0.5018881003560721
1584,5,0.37733390606311457
1585,3,0.4566139371298606
1586,4,0.37885039137040577
1587,1,0.7208730123312853
1588,1,0.44185222582769057
1589,1,0.47527731121455435
1590,0,0.9162034707089983
1591,1,0.4261106443254063
1592,1,0.4715727812690542
1593,1,0.4938684376554612
1594,4,0.7213865838698982
1595,1,0.4507465185616085
1596,1,0.8955064737954016
1597,0,0.6105822809255217
1598,0,0.6000183764074905
1599,0,0.8953554053559698
1600,0,0.6643854525365401
1601,5,0.3311250914583406
1602,5,0.45039698440055914
1603,0,0.5641661709598501
1604,4,0.5112027214295939
1605,4,0.43485469741470495
1606,2,0.7685567295986057
1607,0,0.6856990870119746
1608,0,0.4936689600150398
1609,3,0.6782021217272325
1610,5,0.7395054640461003
1611,1,0.5748470426403557
1612,4,0.5372247613480131
1613,0,0.5312467137524345
1614,2,0.7162143976914135
1615,3,0.6136891650473117
1616,5,0.5043455075396238
1617,4,0.5286993592559872
1618,1,0.4918888571951838
1619,0,0.379707147251932
1620,5,0.5043455075396238
1621,4,0.9580453370133106
1622,5,0.5845932182227952
1623,4,0.8011527358168162
1624,4,0.40887365535759473
1625,3,0.4945296033559314
1626,0,0.5734729603476374
1627,5,0.5255125126589928
1628,3,0.42968990167305154
1629,2,0.8331471585793351
1630,4,0.8658946017863092
1631,3,0.40925880930185654
1632,0,0.9065510206730566
1633,3,0.8856079555410411
1634,3,0.8856079555410411
1635,3,0.8856079555410411
1636,0,0.5692576844015841
1637,4,0.906931767975321
1638,4,0.906931767975321
1639,4,0.6139629062850052
1640,1,0.7991050566277541
1641,1,0.7769709777285025
1642,1,0.7769709777285025
1643,4,0.6759410849366222
1644,5,0.7648239144958859
1645,2,0.7109283795028892
1646,4,0.5282270254939373
1647,1,0.5553905424763007
1648,4,0.9297744455882534
1649,4,0.9063991688913133
1650,1,0.5012477728702364
1651,4,0.43658195261847976
1652,1,0.6555700469404404
1653,1,0.5481817870760199
1654,2,0.6838561305714936
1655,4,0.5909921367017305
1656,2,0.529851000986938
1657,2,0.6838561305714936
1658,2,0.529851000986938
1659,1,0.5345402426604681
1660,0,0.16666666666666669
1661,1,0.7280227958780118
1662,0,0.8325147178240075
1663,4,0.3537944777597846
1664,3,0.41081484605092
1665,3,0.36873367395202045
1666,0,0.5184927430894595
1667,1,0.5771694877837578
1668,0,0.5184927430894595
1669,1,0.620346138036409
1670,4,0.5559798216000111
1671,1,0.517989398112659
1672,3,0.6753925559789183
1673,1,0.5998452063529593
1674,1,0.5998452063529593
1675,2,0.5826021856499052
1676,1,0.39514175240224514
1677,0,0.935470643194856
1678,1,0.4919099852872672
1679,1,0.7222221777886946
1680,4,0.8919819107326911
1681,0,0.6091068040170368
1682,1,0.2642114202506188
1683,2,0.3635278105756321
1684,0,0.8329662555126988
1685,2,0.43376012953705617
1686,1,0.33727724650703317
1687,4,0.42967075781663505
1688,5,0.9069404935233425
1689,3,0.5424157342685777
1690,5,0.6619332528187559
1691,1,0.8801004855968614
1692,0,0.4376299584060106
1693,4,0.5494808249643551
1694,1,0.5649796593634396
1695,4,0.8027579564062695
1696,2,0.9162212665393864
1697,5,0.6305124324997466
1698,1,0.4740373803799225
1699,4,0.5658188873917537
1700,3,0.5414362511315722
1701,4,0.5649946296128543
1702,4,0.701237210355915
1703,5,0.5071431618198093
1704,5,0.8598769061120408
1705,5,0.7800811358075175
1706,5,0.7800811358075175
1707,2,0.7217215081298127
1708,4,0.5514527221920613
1709,2,0.6014634853143551
1710,5,0.7800811358075175
1711,3,0.5753281236026956
1712,4,0.5514527221920613
1713,2,0.7217215081298127
1714,5,0.47619187077811653
1715,1,0.8802933288907859
1716,0,0.6107128392295715
1717,1,0.8802933288907859
1718,1,0.8802933288907859
1719,1,0.44735880428825303
1720,1,0.4241541461286762
1721,4,0.5842389536885647
1722,5,0.6476448219184039
1723,3,0.4242325046254375
1724,5,0.5627157047722812
1725,5,0.7205232502254886
1726,4,0.9124121499926385
1727,4,0.5047704904948316
1728,5,0.37522013367594403
1729,1,0.6264924345082492
1730,1,0.7219655552434201
1731,2,0.4807848031841943
1732,5,0.790342598892443
1733,5,0.44786076780624157
1734,1,0.8264690756564367
1735,4,0.3926097604791966
1736,4,0.7826682833196521
1737,5,0.49459918196278335
1738,3,0.707979390195448
1739,2,0.684516154340544
1740,0,0.7208833284112214
1741,0,0.8604897923676388
1742,4,0.32433464201584417
1743,0,0.9065982312033942
1744,1,0.8318540029364612
1745,4,0.4801570145087148
1746,2,0.5494680942704315
1747,1,0.4149819814508954
1748,4,0.6750495608638715
1749,1,0.4989444415036033
1750,5,0.3535984191754795
1751,4,0.6189233582308843
1752,4,0.6189233582308843
1753,3,0.5079635383921711
1754,4,0.7088872097546195
1755,4,0.4987425916877914
1756,1,0.5137058783090828
1757,4,0.9556975378601027
1758,1,0.5076598202989526
1759,3,0.78892289713775
1760,3,0.5577494077414636
1761,3,0.5577494077414636
1762,2,0.8806241221769584
1763,4,0.9532644727455728
1764,1,0.7522820443049493
1765,1,0.5595184186624894
1766,3,0.37115490331005296
1767,4,0.47046784774665484
1768,1,0.8801391799186004
1769,4,0.7966283319558808
1770,4,0.48000637187133594
1771,0,0.16666666666666669
1772,4,0.8418057982686693
1773,4,0.5032440348215825
1774,4,0.4926386212023954
1775,3,0.6247208407075134
1776,1,0.5424822526963748
1777,5,0.3889074407413434
1778,0,0.2610288727949467
1779,5,0.6763077948968563
1780,4,0.7903579784476645
1781,5,0.4226675150240756
1782,4,0.5243218286956921
1783,0,0.4797326697192291
1784,5,0.6349122500079647
1785,4,0.548106131737682
1786,4,0.8577034421047711
1787,1,0.7010255221034143
1788,1,0.372034604339673
1789,4,0.9296590301798947
1790,4,0.8122752951492016
1791,0,0.305861136487354
1792,5,0.4618717910745442
1793,4,0.4751843561479044
1794,5,0.8953433651353864
1795,5,0.7534847762181601
1796,5,0.7908286365308114
1797,1,0.6065269021621237
1798,1,0.5012477728702364
1799,4,0.7244676643834052
1800,5,0.8603431824269698
1801,4,0.48555800832362206
1802,4,0.5618732297955895
1803,5,0.7908286365308114
1804,1,0.5342743710220113
1805,4,0.8950804933192974
1806,0,0.5127399643090577
1807,1,0.9240257572656196
1808,0,0.16666666666666669
1809,2,0.8323991634485605
1810,1,0.5191758767887116
1811,4,0.5662734790695753
1812,1,0.44381462211135614
1813,4,0.3908267432807205
1814,0,0.7633557619597945
1815,1,0.6004877549663189
1816,4,0.9162534442038286
1817,5,0.8605598014299021
1818,3,0.6968767749915423
1819,0,0.6358399999075736
1820,5,0.5081444452744067
1821,1,0.8600701632460781
1822,1,0.8801152025208956
1823,1,0.6699214497316338
1824,4,0.5622951822438768
1825,0,0.8319871776343586
1826,0,0.35981581852663325
1827,4,0.6526625891391484
1828,2,0.4939401245285659
1829,0,0.46792524800285196
1830,1,0.6974124095895403
1831,1,0.5077333900062151
1832,0,0.7252619098858228
1833,3,0.5215276433583126
1834,4,0.8593034590547107
1835,0,0.7213538131830007
1836,0,0.4728834474679361
1837,1,0.6207796995058047
1838,3,0.450100367677987
1839,4,0.915836708854107
1840,2,0.6596703536379092
1841,3,0.5770068422831686
1842,1,0.5093300910778928
1843,1,0.7260579733967383
1844,1,0.5444575981081013
1845,2,0.8951989590309305
1846,0,0.78901330456275
1847,3,0.5804057827051716
1848,4,0.4913000607593659
1849,2,0.7222221395902616
1850,4,0.9066327911099126
1851,4,0.9235707218976064
1852,0,0.5846589640650024
1853,0,0.5981364687454437
1854,4,0.515076560325523
1855,4,0.5251484007352198
1856,4,0.6168580569995388
1857,3,0.423056112057001
1858,4,0.5601065579532765
1859,4,0.5860385876790262
1860,4,0.7660215863420033
1861,3,0.5082086985092273
1862,2,0.6394007623999625
1863,0,0.491186377152355
1864,4,0.5831281235650939
1865,1,0.5481653218107799
1866,1,0.34384746159863594
1867,1,0.2973566521973456
1868,4,0.9398427165742138
1869,1,0.7213719844619317
1870,2,0.5966750987083618
1871,0,0.4890678639788885
1872,0,0.6896103781077891
1873,1,0.3410583773816565
1874,0,0.6259932845888072
1875,0,0.6259932845888072
1876,0,0.6259932845888072
1877,0,0.6259932845888072
1878,3,0.8796322235465401
1879,5,0.8324949045212738
1880,5,0.637454758266725
1881,5,0.5702096145606032
1882,4,0.5805312943064669
1883,3,0.3980115671389067
1884,3,0.464098984704345
1885,2,0.7280099386909734
1886,0,0.46792524800285196
1887,5,0.8326733546722349
1888,5,0.2830802496527181
1889,4,0.5075704050699071
1890,4,0.4861293704543856
1891,1,0.4967501755197555
1892,0,0.5130318357485741
1893,4,0.45073640850658986
1894,0,0.7097435292137938
1895,1,0.880195053690594
1896,2,0.824413370628821
1897,1,0.2773301767393079
1898,4,0.944169253680192
1899,3,0.4835499094502074
1900,1,0.7334465761112414
1901,4,0.9601350305050924
1902,3,0.5437608634777805
1903,4,0.5075704050699071
1904,4,0.6657928030975168
1905,3,0.38688107660511156
1906,0,0.7902565028381378
1907,2,0.5142252699313999
1908,2,0.7914407404399569
1909,4,0.705130213084473
1910,4,0.7166084933374639
1911,1,0.4139039998196437
1912,0,0.4599841198305357
1913,2,0.8330239068749903
1914,5,0.4657900042375569
1915,1,0.4771926837279007
1916,1,0.4077077126804815
1917,4,0.9601292355757454
1918,2,0.8330239068749903
1919,4,0.5833331764154617
1920,3,0.49648331249724736
1921,0,0.5175814623707217
1922,2,0.5169816996911138
1923,5,0.8322414993915679
1924,1,0.3764850617193651
1925,5,0.40545436685376024
1926,0,0.8144901557722376
1927,5,0.40679450421731655
1928,1,0.5937369838630979
1929,1,0.8331112606328559
1930,0,0.4084606994883631
1931,1,0.5482558636691085
1932,4,0.6657928030975168
1933,4,0.36777764918632444
1934,1,0.41415692829828654
1935,0,0.6693378021285733
1936,0,0.5869374158163168
1937,4,0.906931767975321
1938,4,0.4999638314884243
1939,4,0.6495529009637961
1940,1,0.5547845727623437
1941,4,0.7338394775186394
1942,4,0.9354033312668009
1943,4,0.5876850047804542
1944,1,0.455854583145814
1945,0,0.5119040323549143
1946,2,0.5268345523261241
1947,0,0.7184047537009137
1948,3,0.7903644418972263
1949,4,0.6004353946996772
1950,4,0.41509824301444426
1951,0,0.16666666666666669
1952,5,0.5185344444827694
1953,4,0.7582608060626822
1954,1,0.5989318578665809
1955,0,0.5570691608642178
1956,5,0.5381327199006366
1957,2,0.66695769103553
1958,0,0.16666666666666669
1959,4,0.6398567969514679
1960,3,0.49648331249724736
1961,5,0.39024890331698436
1962,0,0.5010142130721296
1963,1,0.41435981102239416
1964,4,0.7077760445328733
1965,4,0.615300677003554
1966,2,0.7898100744273093
1967,1,0.6355448951161258
1968,4,0.6663409274864637
1969,2,0.4861865631442918
1970,2,0.5821365519277587
1971,3,0.721620442270119
1972,1,0.4552100121461456
1973,4,0.4698553906202502
1974,4,0.8576659787526728
1975,4,0.3277234863789765
1976,1,0.5398161995805943
1977,0,0.4470641089781181
1978,2,0.3004601332133113
1979,4,0.6305848032228608
1980,0,0.5841436979044304
1981,4,0.6049471728692972
1982,1,0.4582697933323013
1983,1,0.9069389448473503
1984,4,0.7582608060626822
1985,1,0.3587298388029824
1986,0,0.7201497506251374
1987,0,0.16666666666666669
1988,0,0.8602595162242415
1989,5,0.880321828085561
1990,5,0.9062031787521511
1991,4,0.3908267432807205
1992,0,0.5841436979044304
1993,4,0.3908267432807205
1994,4,0.6175030841012672
1995,1,0.9069297371160537
1996,1,0.455854583145814
1997,1,0.43376547616284505
1998,0,0.6008850226565089
1999,1,0.43376547616284505
2000,0,0.8327461508857396
2001,0,0.491055456639828
2002,0,0.49962793779759485
2003,4,0.5765744727237117
2004,0,0.5233095051426979
2005,0,0.8144423936055246
2006,4,0.5836214816255447
2007,1,0.5590596432833475
2008,0,0.7199744542587063
2009,1,0.5769225815244172
2010,1,0.706638987322918
2011,0,0.5000759293568152
2012,1,0.3750531457885372
2013,3,0.8312597287178201
2014,4,0.7618108128899095
2015,0,0.4975603267045443
2016,1,0.8604455362740218
2017,0,0.8001508800139694
2018,0,0.5651555979623163
2019,3,0.3812524312557166
2020,0,0.5000759293568152
2021,4,0.9398383916137402
2022,3,0.7139733357205061
2023,5,0.8949991379936905
2024,0,0.3888888719490276
2025,4,0.6859910332398891
2026,1,0.5705605506352528
2027,2,0.5821365519277587
2028,4,0.58975949328375
2029,0,0.8598871483132328
2030,4,0.6497868612712195
2031,1,0.4324009471044128
2032,1,0.694143852199652
2033,1,0.674961537389824
2034,1,0.6809897468199126
2035,4,0.7123947108500899
2036,4,0.5117255099437283
2037,0,0.47891097536581645
2038,2,0.6291299221748547
2039,0,0.6349490796890848
2040,0,0.6149931580421693
2041,3,0.44019405282103874
2042,0,0.5694159670474152
2043,1,0.6737638514275789
2044,1,0.9068290666671306
2045,0,0.5786264066356795
2046,1,0.479132843093738
2047,5,0.6502487770404596
2048,0,0.5022771810677688
2049,4,0.42172226688132053
2050,4,0.5495641791388092
2051,0,0.6017102274862552
2052,1,0.522018460185769
2053,3,0.5000820743088709
2054,1,0.7272135588349978
2055,4,0.49905963029710054
2056,3,0.6113864193730575
2057,1,0.48713898941872813
2058,3,0.5018803166043216
2059,4,0.4064709070160392
2060,5,0.6058752694335069
2061,1,0.7467525475153698
2062,4,0.5180875405414413
2063,4,0.5067971340754583
2064,0,0.39245872809165855
2065,3,0.5471950031971269
2066,4,0.4761591806519853
2067,4,0.4628283122298315
2068,4,0.735563861290526
2069,4,0.6921803312031689
2070,4,0.4761591806519853
2071,4,0.5805075251301498
2072,3,0.5750758415351542
2073,4,0.9068062873040035
2074,4,0.5917494716391651
2075,1,0.4631274181022514
2076,4,0.44988669760194394
2077,1,0.7571189909850996
2078,4,0.4203557072019708
2079,3,0.5471950031971269
2080,4,0.879700525494129
2081,4,0.9599822231800269
2082,1,0.4512652503960265
2083,0,0.34048731846901403
2084,5,0.4141681590668618
2085,0,0.6337270337987093
2086,4,0.3820950086042229
2087,5,0.8800125842278592
2088,5,0.6106908216007204
2089,0,0.7906887646944339
2090,2,0.4742695797390047
2091,4,0.8328080310974945
2092,1,0.363738023388232
2093,1,0.38677447061040804
2094,3,0.5833392771584684
2095,3,0.29590277707190216
2096,0,0.7912040686731329
2097,4,0.589497930102053
2098,4,0.389927387796287
2099,4,0.9163387168802662
2100,1,0.5864286217962378
2101,1,0.5934613793742045
2102,4,0.7202478205748236
2103,1,0.8604386281259688
2104,0,0.5795711098536812
2105,1,0.8609695318339363
2106,4,0.4739864949039602
2107,4,0.8946987477967917
2108,2,0.3709854909702383
2109,5,0.5239629067126943
2110,1,0.3428765710828128
2111,2,0.43099188184942183
2112,1,0.6401952806879663
2113,2,0.6128526923436477
2114,1,0.6349576435232775
2115,2,0.9066655035363635
2116,1,0.5111480681183869
2117,2,0.5394219933287863
2118,2,0.43617938371979875
2119,2,0.49760810198667577
2120,4,0.7072199235386467
2121,1,0.7469188055080793
2122,0,0.45030796573925014
2123,3,0.4886250667940229
2124,3,0.3999382057960663
2125,2,0.3875183701161704
2126,2,0.5002755511977839
2127,1,0.7166167937823235
2128,0,0.7891864564679311
2129,1,0.7833754076901767
2130,5,0.5552991054253423
2131,2,0.4845247767225626
2132,3,0.7309371546711306
2133,0,0.9070300713406176
2134,4,0.9069881974789529
2135,4,0.7855292464826348
2136,4,0.7908903393660175
2137,2,0.6188488444875914
2138,4,0.8179359473770031
2139,2,0.5033271506734658
2140,2,0.6116441040908126
2141,2,0.6545228835501661
2142,1,0.5690821749416518
2143,4,0.7767612285584579
2144,0,0.9070442106695326
2145,5,0.7903846080141402
2146,4,0.5168827715957994
2147,4,0.8686146740841565
2148,4,0.4080323319007043
2149,0,0.6631170960125113
2150,2,0.5185812056060775
2151,1,0.5398284049725457
2152,4,0.4550751833762085
2153,1,0.6228113703548881
2154,0,0.3731687476693916
2155,0,0.33703354436624705
2156,0,0.7901672649360221
2157,4,0.5823124857484626
2158,4,0.9400001639185763
2159,4,0.6687963075427973
2160,1,0.4155507366911446
2161,2,0.8607033433443546
2162,4,0.44905191516002513
2163,2,0.3824042735954752
2164,2,0.5821365519277587
2165,4,0.5325807453202112
2166,0,0.42122189650836367
2167,1,0.7501269048654465
2168,4,0.9240323176560211
2169,1,0.522018460185769
2170,2,0.4955738545144832
2171,4,0.6714542786752293
2172,4,0.44905191516002513
2173,1,0.5372216266151578
2174,0,0.8805335902369461
2175,1,0.5464055681460159
2176,1,0.41604797473237265
2177,5,0.7723982742578075
2178,2,0.88021942920076
2179,2,0.43376012953705617
2180,5,0.7033968580873579
2181,2,0.5440539451197678
2182,2,0.7206522023989445
2183,5,0.623659215495086
2184,0,0.49544107450886554
2185,5,0.3691314376969026
2186,1,0.442549161643377
2187,1,0.9303218374286315
2188,1,0.8803981332562765
2189,4,0.9066795752450582
2190,0,0.5415775963113341
2191,5,0.36737258702575737
2192,4,0.7215547926277884
2193,0,0.7906887646944339
2194,5,0.47133990791741315
2195,0,0.8317092876012614
2196,4,0.5938350051593182
2197,0,0.42743416173697607
2198,0,0.5155453316482497
2199,5,0.8802470834365365
2200,4,0.35342629085218696
2201,2,0.7906286053877731
2202,0,0.4941495609456224
2203,0,0.7171823659020958
2204,0,0.16666666666666669
2205,0,0.581477462236271
2206,0,0.7402276791669776
2207,0,0.7205898445249942
2208,3,0.548360338338803
2209,4,0.30480928665595936
2210,4,0.7419096813210179
2211,1,0.9069690448366511
2212,1,0.9064483072901562
2213,4,0.5674544282038156
2214,4,0.9231022600228854
2215,0,0.9070226484942212
2216,2,0.550311476289107
2217,5,0.5688745491043141
2218,4,0.6535157168752164
2219,4,0.7446914613720702
2220,5,0.4857918427242571
2221,1,0.9068609036823252
2222,4,0.4734269418758985
2223,5,0.5055795776216263
2224,0,0.8602659952953315
2225,2,0.8317389747717414
2226,1,0.9068609036823252
2227,1,0.9068609036823252
2228,4,0.8314946524731807
2229,3,0.4193216144045718
2230,2,0.5628510261036964
2231,3,0.5833330793477065
2232,1,0.3736086131749748
2233,1,0.5238412937438197
2234,0,0.608500548730157
2235,4,0.6275294654860659
2236,0,0.5645196103571888
2237,1,0.408995350313763
2238,0,0.4951543601326979
2239,0,0.9160144866203866
2240,1,0.6781713965934671
2241,0,0.48730664393917644
2242,4,0.7211437561204983
2243,5,0.514058362366629
2244,4,0.6575196981181441
2245,5,0.514058362366629
2246,1,0.7992358820657557
2247,1,0.9238890446322393
2248,1,0.930048737105953
2249,3,0.935397815722216
2250,1,0.9402506014444586
2251,1,0.5869470545423942
2252,4,0.9237179830720138
2253,1,0.5869470545423942
2254,2,0.5167201032228889
2255,4,0.8096071808608359
2256,4,0.5631507311747385
2257,3,0.8949940809785046
2258,1,0.8326425798733137
2259,4,0.5821474575519905
2260,4,0.7001353544707829
2261,2,0.8333253255824712
2262,1,0.6405224033538147
2263,4,0.8309635710822613
2264,1,0.7904516868012003
2265,0,0.6512880104281318
2266,1,0.4803267829120521
2267,0,0.635459747792467
2268,0,0.8603057836473121
2269,0,0.5506317615404606
2270,0,0.16666666666666669
2271,2,0.5373316276718515
2272,0,0.5540524622368158
2273,4,0.6407812222116395
2274,1,0.6252808306215769
2275,4,0.7200404546233785
2276,1,0.7345970266958446
2277,4,0.6365807413278876
2278,4,0.41611957319141674
2279,1,0.7935622832468358
2280,0,0.5622304705535143
2281,4,0.7925905623953019
2282,0,0.3519618359745249
2283,4,0.5409791340798032
2284,1,0.41228731179642103
2285,3,0.5039061421525003
2286,3,0.7422328312093013
2287,3,0.5804057827051716
2288,0,0.5749372760700545
2289,4,0.8274663387107949
2290,4,0.818916130464264
2291,1,0.7866068104313554
2292,5,0.3602226539598156
2293,5,0.7908286365308114
2294,1,0.5423979971407831
2295,1,0.4752279748331947
2296,3,0.5804057827051716
2297,5,0.6639329898083945
2298,4,0.7665115648812468
2299,1,0.7231752401193091
2300,4,0.8314946524731807
2301,2,0.48161861944473133
2302,0,0.5742186076078959
2303,1,0.3764850617193651
2304,1,0.6228113703548881
2305,3,0.36364951610191176
2306,4,0.5074756527665722
2307,1,0.40954537503382704
2308,4,0.9354033312668009
2309,4,0.7979552765974832
2310,2,0.9356391197265591
2311,1,0.48063904823670484
2312,1,0.4467192204166502
2313,5,0.8805545663936963
2314,5,0.8805545663936963
2315,0,0.579313981353368
2316,4,0.3480737718237226
2317,4,0.5179217469499705
2318,2,0.5368091939575255
2319,3,0.7390128578467363
2320,3,0.7390128578467363
2321,5,0.8942917373106218
2322,2,0.5549310893990897
2323,4,0.6660417749422032
2324,1,0.6715375162869085
2325,4,0.4859479456777076
2326,4,0.5311532485703762
2327,4,0.43851501458127595
2328,1,0.8321017986722203
2329,2,0.5781896070383751
2330,4,0.5860385876790262
2331,1,0.599830447698878
2332,2,0.9238322875622137
2333,2,0.5020871997107832
2334,0,0.6877688864492579
2335,1,0.40954537503382704
2336,5,0.5822028094074996
2337,4,0.6397163037771434
2338,3,0.9066021611213575
2339,4,0.6160897930773332
2340,2,0.5021951699019102
2341,4,0.676867013309131
2342,4,0.5210113766668016
2343,1,0.7079257626269236
2344,0,0.6379778108504816
2345,4,0.4603391142802651
2346,0,0.7220492291937729
2347,2,0.9063652070112197
2348,4,0.8772733017828948
2349,1,0.45405539446108567
2350,3,0.43631449178686726
2351,1,0.641270163996091
2352,2,0.36580262774269334
2353,2,0.6349306850513011
2354,3,0.46136434716926394
2355,3,0.46136434716926394
2356,4,0.48939952327361214
2357,3,0.4843521134265843
2358,4,0.39562726673669085
2359,4,0.5201989934076738
2360,4,0.8950840624113768
2361,4,0.49587178465047516
2362,4,0.6640375513425417
2363,4,0.7430372074212814
2364,2,0.5020871997107832
2365,1,0.9399071823892385
2366,4,0.5384139296339768
2367,1,0.8795692037231313
2368,4,0.312469295923187
2369,0,0.7892191427227131
2370,2,0.5839082320133397
2371,2,0.6541159284648177
2372,2,0.7480927203697952
2373,1,0.5221883496613579
2374,0,0.42750879087572013
2375,0,0.6091716810577622
2376,1,0.4297982091576514
2377,1,0.47812798268486006
2378,0,0.6036158604471468
2379,0,0.6036158604471468
2380,0,0.720394040336813
2381,1,0.5275443036810904
2382,3,0.7905698698684543
2383,1,0.7471684327826151
2384,2,0.5717718274333933
2385,4,0.7263259319651788
2386,4,0.5390625099448384
2387,1,0.4539071869297727
2388,4,0.33280398084288954
2389,4,0.7623049606727991
2390,4,0.54059004491236
2391,2,0.7209133420056283
2392,0,0.415153891584122
2393,2,0.48958872149475546
2394,4,0.46251888169533856
2395,4,0.9238271568077715
2396,0,0.4393203708257499
2397,4,0.3787070693740137
2398,1,0.46704630530864266
2399,1,0.6193047136269433
2400,1,0.6193047136269433
2401,3,0.5124561402338516
2402,0,0.7396928938647788
2403,4,0.431223106452344
2404,4,0.5605149613540613
2405,0,0.6540767904315763
2406,0,0.6540767904315763
2407,0,0.6540767904315763
2408,5,0.5071431618198093
2409,0,0.7910034877589289
2410,4,0.519563126308086
2411,2,0.43534894659110085
2412,4,0.5465246063330873
2413,1,0.29555571299546973
2414,3,0.5148346600700829
2415,2,0.8953770601535447
2416,1,0.6664801052679369
2417,4,0.6289105115371033
2418,4,0.6657928030975168
2419,1,0.916004897717901
2420,2,0.6492174966025557
2421,0,0.3048706793755318
2422,4,0.7767612285584579
2423,0,0.8952218940107276
2424,0,0.5916210543002383
2425,4,0.8063916021784276
2426,2,0.8953770601535447
2427,5,0.5868723577214956
2428,5,0.8324882181428245
2429,3,0.4934412715564693
2430,4,0.6398837818451817
2431,1,0.5698382694320624
2432,3,0.7390128578467363
2433,2,0.6224929550348318
2434,1,0.9162606824826507
